[
  {
    "id": "3acbdd41-4b4b-4a13-88ca-d68c16792e81",
    "data": [
      {
        "text": "order pizza with ",
        "userDefined": false
      },
      {
        "text": "size",
        "meta": "@size",
        "alias": "size",
        "userDefined": true
      }
    ],
    "isTemplate": false,
    "count": 0,
    "lang": "en",
    "updated": 0
  },
  {
    "id": "83f43263-3158-4b92-94ae-927da42e9cd7",
    "data": [
      {
        "text": "order pizza with ",
        "userDefined": false
      },
      {
        "text": "toppings",
        "meta": "@toppings",
        "alias": "toppings",
        "userDefined": true
      }
    ],
    "isTemplate": false,
    "count": 0,
    "lang": "en",
    "updated": 0
  },
  {
    "id": "9f23f030-0642-41fa-857a-21120dcc77f1",
    "data": [
      {
        "text": "order pizza with  phone number ",
        "userDefined": false
      },
      {
        "text": "abcdefghih",
        "meta": "@sys.phone-number",
        "alias": "phone-number",
        "userDefined": true
      }
    ],
    "isTemplate": false,
    "count": 0,
    "lang": "en",
    "updated": 0
  },
  {
    "id": "0e4de729-1674-480a-97f5-1e2423d0d10e",
    "data": [
      {
        "text": "order pizza to email id ",
        "userDefined": false
      },
      {
        "text": "dummy@gmail.com",
        "meta": "@sys.email",
        "alias": "email",
        "userDefined": true
      }
    ],
    "isTemplate": false,
    "count": 0,
    "lang": "en",
    "updated": 0
  },
  {
    "id": "afce060a-10b2-48ec-9544-9c6b3c30c772",
    "data": [
      {
        "text": "can i have the pizza please",
        "userDefined": false
      }
    ],
    "isTemplate": false,
    "count": 0,
    "lang": "en",
    "updated": 0
  },
  {
    "id": "85022fe1-938a-4475-a84d-eb63b4609930",
    "data": [
      {
        "text": "i have to order the pizza",
        "userDefined": false
      }
    ],
    "isTemplate": false,
    "count": 0,
    "lang": "en",
    "updated": 0
  },
  {
    "id": "64db6d14-cc17-4780-b39e-e080923ca664",
    "data": [
      {
        "text": "i need pizza",
        "userDefined": false
      }
    ],
    "isTemplate": false,
    "count": 0,
    "lang": "en",
    "updated": 0
  }
]