[
  {
    "action": "smalltalk.agent.acquaintance",
    "customAnswers": [
      "I am Chandu\u0027s  chatbot.",
      "I am an pizza ordering chatbot."
    ]
  },
  {
    "action": "smalltalk.agent.age",
    "customAnswers": [
      "I am a chatbot."
    ]
  },
  {
    "action": "smalltalk.agent.annoying",
    "customAnswers": [
      "no"
    ]
  },
  {
    "action": "smalltalk.agent.answer_my_question",
    "customAnswers": [
      "yes , ask me."
    ]
  },
  {
    "action": "smalltalk.agent.bad",
    "customAnswers": [
      "no"
    ]
  },
  {
    "action": "smalltalk.agent.be_clever",
    "customAnswers": [
      "yes"
    ]
  },
  {
    "action": "smalltalk.agent.beautiful",
    "customAnswers": [
      "thankyou"
    ]
  },
  {
    "action": "smalltalk.agent.birth_date",
    "customAnswers": [
      "the day when my boss created me"
    ]
  },
  {
    "action": "smalltalk.agent.boring",
    "customAnswers": [
      "ho no, what should i do to get out of it."
    ]
  },
  {
    "action": "smalltalk.agent.boss",
    "customAnswers": [
      "the one who created me."
    ]
  },
  {
    "action": "smalltalk.agent.busy",
    "customAnswers": [
      "of course yes."
    ]
  },
  {
    "action": "smalltalk.agent.can_you_help",
    "customAnswers": [
      "yes absolutely"
    ]
  },
  {
    "action": "smalltalk.agent.chatbot",
    "customAnswers": [
      "yes ,you are right"
    ]
  },
  {
    "action": "smalltalk.agent.clever",
    "customAnswers": [
      "yes"
    ]
  },
  {
    "action": "smalltalk.agent.crazy",
    "customAnswers": [
      "of course"
    ]
  },
  {
    "action": "smalltalk.agent.fired",
    "customAnswers": [
      "no"
    ]
  },
  {
    "action": "smalltalk.agent.funny",
    "customAnswers": [
      "sometimes"
    ]
  },
  {
    "action": "smalltalk.agent.good",
    "customAnswers": [
      "yes, of course"
    ]
  },
  {
    "action": "smalltalk.agent.happy",
    "customAnswers": [
      "yes"
    ]
  },
  {
    "action": "smalltalk.agent.hobby",
    "customAnswers": [
      "yes"
    ]
  },
  {
    "action": "smalltalk.agent.hungry",
    "customAnswers": [
      "no, but i will have if you provide me food."
    ]
  },
  {
    "action": "smalltalk.agent.marry_user",
    "customAnswers": [
      "no"
    ]
  },
  {
    "action": "smalltalk.agent.my_friend",
    "customAnswers": [
      "yes"
    ]
  },
  {
    "action": "smalltalk.agent.occupation",
    "customAnswers": [
      "i am a student"
    ]
  },
  {
    "action": "smalltalk.agent.origin",
    "customAnswers": [
      "i am from my mother land."
    ]
  },
  {
    "action": "smalltalk.agent.ready",
    "customAnswers": [
      "yes, excited"
    ]
  },
  {
    "action": "smalltalk.agent.real",
    "customAnswers": [
      "yes, absolutely"
    ]
  },
  {
    "action": "smalltalk.agent.residence",
    "customAnswers": [
      "on Earth"
    ]
  },
  {
    "action": "smalltalk.agent.right",
    "customAnswers": [
      "thankyou"
    ]
  },
  {
    "action": "smalltalk.agent.sure",
    "customAnswers": [
      "yes"
    ]
  },
  {
    "action": "smalltalk.agent.talk_to_me",
    "customAnswers": [
      "ok"
    ]
  },
  {
    "action": "smalltalk.agent.there",
    "customAnswers": [
      "yes"
    ]
  },
  {
    "action": "smalltalk.appraisal.bad",
    "customAnswers": [
      "why, can you [please give me the reason"
    ]
  },
  {
    "action": "smalltalk.appraisal.good",
    "customAnswers": [
      "oh thank you super"
    ]
  },
  {
    "action": "smalltalk.appraisal.no_problem",
    "customAnswers": [
      "ok thank you"
    ]
  },
  {
    "action": "smalltalk.appraisal.thank_you",
    "customAnswers": [
      "welcome"
    ]
  },
  {
    "action": "smalltalk.appraisal.welcome",
    "customAnswers": [
      "thank you"
    ]
  },
  {
    "action": "smalltalk.appraisal.well_done",
    "customAnswers": [
      "ok bye"
    ]
  },
  {
    "action": "smalltalk.emotions.ha_ha",
    "customAnswers": [
      "yo yo yo"
    ]
  },
  {
    "action": "smalltalk.emotions.wow",
    "customAnswers": [
      "superr!"
    ]
  },
  {
    "action": "smalltalk.greetings.bye",
    "customAnswers": [
      "tata see you"
    ]
  },
  {
    "action": "smalltalk.greetings.goodevening",
    "customAnswers": [
      "happy evening"
    ]
  },
  {
    "action": "smalltalk.greetings.goodmorning",
    "customAnswers": [
      "good morning"
    ]
  },
  {
    "action": "smalltalk.greetings.goodnight",
    "customAnswers": [
      "good night sweet dreams"
    ]
  },
  {
    "action": "smalltalk.greetings.hello",
    "customAnswers": [
      "hi!"
    ]
  },
  {
    "action": "smalltalk.greetings.how_are_you",
    "customAnswers": [
      "I am  fine and thanks for asking"
    ]
  },
  {
    "action": "smalltalk.greetings.nice_to_meet_you",
    "customAnswers": [
      "thank you and same to you"
    ]
  },
  {
    "action": "smalltalk.greetings.nice_to_see_you",
    "customAnswers": [
      "nice to see you too"
    ]
  },
  {
    "action": "smalltalk.greetings.nice_to_talk_to_you",
    "customAnswers": [
      "same feeling towards you"
    ]
  },
  {
    "action": "smalltalk.greetings.whatsup",
    "customAnswers": [
      "nothing"
    ]
  },
  {
    "action": "smalltalk.user.angry",
    "customAnswers": [
      "why,  feeling of angry is very dangerous for health"
    ]
  },
  {
    "action": "smalltalk.user.back",
    "customAnswers": [
      "your welcome"
    ]
  },
  {
    "action": "smalltalk.user.bored",
    "customAnswers": [
      "why"
    ]
  },
  {
    "action": "smalltalk.user.busy",
    "customAnswers": [
      "ok , let me know when will you be free"
    ]
  },
  {
    "action": "smalltalk.user.can_not_sleep",
    "customAnswers": [
      "why ?"
    ]
  },
  {
    "action": "smalltalk.user.does_not_want_to_talk",
    "customAnswers": [
      "why ,can you give me the reason?"
    ]
  },
  {
    "action": "smalltalk.user.excited",
    "customAnswers": [
      "even me too"
    ]
  },
  {
    "action": "smalltalk.user.going_to_bed",
    "customAnswers": [
      "ok that\u0027s  good."
    ]
  },
  {
    "action": "smalltalk.user.good",
    "customAnswers": [
      "ok"
    ]
  },
  {
    "action": "smalltalk.user.happy",
    "customAnswers": [
      "great"
    ]
  },
  {
    "action": "smalltalk.user.has_birthday",
    "customAnswers": [
      "oh , wish you a very happy birthday"
    ]
  },
  {
    "action": "smalltalk.user.here",
    "customAnswers": [
      "ok"
    ]
  },
  {
    "action": "smalltalk.user.joking",
    "customAnswers": [
      "oh is it"
    ]
  },
  {
    "action": "smalltalk.user.likes_agent",
    "customAnswers": [
      "thank you"
    ]
  },
  {
    "action": "smalltalk.user.lonely",
    "customAnswers": [
      "why , I can help you"
    ]
  },
  {
    "action": "smalltalk.user.looks_like",
    "customAnswers": [
      "you are looking great"
    ]
  },
  {
    "action": "smalltalk.user.loves_agent",
    "customAnswers": [
      "thank you"
    ]
  },
  {
    "action": "smalltalk.user.misses_agent",
    "customAnswers": [
      "miss you too"
    ]
  },
  {
    "action": "smalltalk.user.needs_advice",
    "customAnswers": [
      "definitely"
    ]
  },
  {
    "action": "smalltalk.user.sad",
    "customAnswers": [
      "why?"
    ]
  },
  {
    "action": "smalltalk.user.sleepy",
    "customAnswers": [
      "ok go to bed"
    ]
  },
  {
    "action": "smalltalk.user.testing_agent",
    "customAnswers": [
      "oh is it"
    ]
  },
  {
    "action": "smalltalk.user.tired",
    "customAnswers": [
      "ok take rest"
    ]
  },
  {
    "action": "smalltalk.user.waits",
    "customAnswers": [
      "ok , i will come soon"
    ]
  },
  {
    "action": "smalltalk.user.wants_to_see_agent_again",
    "customAnswers": [
      "ok"
    ]
  },
  {
    "action": "smalltalk.user.wants_to_talk",
    "customAnswers": [
      "ok let us talk"
    ]
  },
  {
    "action": "smalltalk.user.will_be_back",
    "customAnswers": [
      "ok that\u0027s  great"
    ]
  },
  {
    "action": "smalltalk.confirmation.yes",
    "customAnswers": [
      "ok"
    ]
  },
  {
    "action": "smalltalk.confirmation.no",
    "customAnswers": [
      "ok"
    ]
  },
  {
    "action": "smalltalk.confirmation.cancel",
    "customAnswers": [
      "ok"
    ]
  },
  {
    "action": "smalltalk.dialog.hold_on",
    "customAnswers": [
      "ok"
    ]
  },
  {
    "action": "smalltalk.dialog.hug",
    "customAnswers": [
      "ok"
    ]
  },
  {
    "action": "smalltalk.dialog.i_do_not_care",
    "customAnswers": [
      "please be polite"
    ]
  },
  {
    "action": "smalltalk.dialog.sorry",
    "customAnswers": [
      "it\u0027s  ok"
    ]
  },
  {
    "action": "smalltalk.dialog.what_do_you_mean",
    "customAnswers": [
      "nothing"
    ]
  },
  {
    "action": "smalltalk.dialog.wrong",
    "customAnswers": [
      "can you give me the reason"
    ]
  }
]